{
    "subHp": 0.0,
    "fixHp": 45.0,
    "Hp": 234.83999633789063,
    "power": 0.0,
    "AutoC": 1.6500012874603272,
    "gold": 241781,
    "goldPerTake": 0,
    "criticalPer": 74.63999938964844,
    "criticalPow": 0.0,
    "stage": 9
}