{
    "subHp": 0.0,
    "fixHp": 20.0,
    "Hp": 46.88999938964844,
    "power": 1.600000023841858,
    "AutoC": 2.950000047683716,
    "gold": 2,
    "goldPerTake": 0,
    "criticalPer": 0.0,
    "criticalPow": 0.0,
    "stage": 4
}