{
    "subHp": 0.0,
    "fixHp": 20.0,
    "Hp": 46.89023208618164,
    "power": 1.8000001907348633,
    "AutoC": 0.0,
    "gold": 0,
    "goldPerTake": 0,
    "criticalPer": 0.0,
    "criticalPow": 0.0,
    "stage": 4
}