{
    "subHp": 346.6099853515625,
    "fixHp": 55.0,
    "Hp": 346.6099853515625,
    "power": 12.399999618530274,
    "AutoC": 2.950000047683716,
    "gold": 281030,
    "goldPerTake": 2,
    "criticalPer": 74.44000244140625,
    "criticalPow": 5.199999809265137,
    "stage": 11
}