{
    "subHp": 346.60504150390627,
    "fixHp": 55.0,
    "Hp": 346.60504150390627,
    "power": 16.20000457763672,
    "AutoC": 0.0,
    "gold": 7,
    "goldPerTake": 2,
    "criticalPer": 0.0,
    "criticalPow": 0.0,
    "stage": 11
}