{
    "subHp": 0.0,
    "fixHp": 35.0,
    "Hp": 143.86000061035157,
    "power": 2.0,
    "AutoC": 2.950000047683716,
    "gold": 9498285,
    "goldPerTake": 0,
    "criticalPer": 54.150001525878909,
    "criticalPow": 5.199999809265137,
    "stage": 7
}