{
    "subHp": 0.0,
    "fixHp": 35.0,
    "Hp": 143.86000061035157,
    "power": 0.0,
    "AutoC": 0.0,
    "gold": 9999058,
    "goldPerTake": 0,
    "criticalPer": 21.709999084472658,
    "criticalPow": 0.0,
    "stage": 7
}