{
    "subHp": 0.0,
    "fixHp": 50.0,
    "Hp": 288.1400146484375,
    "power": 12.399999618530274,
    "AutoC": 2.950000047683716,
    "gold": 281016,
    "goldPerTake": 0,
    "criticalPer": 74.44000244140625,
    "criticalPow": 5.199999809265137,
    "stage": 10
}