{
    "subHp": 0.0,
    "fixHp": 25.0,
    "Hp": 73.87589263916016,
    "power": 4.600000858306885,
    "AutoC": 0.0,
    "gold": 8,
    "goldPerTake": 0,
    "criticalPer": 0.0,
    "criticalPow": 0.0,
    "stage": 5
}